Date,Petrol (USD),Diesel (USD),,,,,,,
09-06-2003,74.59,76.77,,,,,,,
16-06-2003,74.47,76.69,,,,,,,
23-06-2003,74.42,76.62,,,,,,,
30-06-2003,74.35,76.51,,,,,,,
07-07-2003,74.28,76.46,,,,,,,
14-07-2003,74.21,76.41,,,,,,,
21-07-2003,75.07,76.90,,,,,,,
28-07-2003,75.10,76.86,,,,,,,
04-08-2003,75.12,76.81,,,,,,,
11-08-2003,75.44,77.08,,,,,,,
18-08-2003,75.81,77.44,,,,,,,
26-08-2003,76.05,77.68,,,,,,,
01-09-2003,76.13,77.59,,,,,,,
08-09-2003,76.23,77.67,,,,,,,
15-09-2003,76.20,77.63,,,,,,,
22-09-2003,76.15,77.55,,,,,,,
29-09-2003,76.08,77.53,,,,,,,
06-10-2003,76.43,77.66,,,,,,,
13-10-2003,75.90,77.43,,,,,,,
20-10-2003,76.05,77.54,,,,,,,
27-10-2003,76.00,77.51,,,,,,,
03-11-2003,76.00,77.52,,,,,,,
10-11-2003,75.94,77.47,,,,,,,
17-11-2003,75.93,77.52,,,,,,,
24-11-2003,76.02,77.67,,,,,,,
01-12-2003,76.00,77.66,,,,,,,
08-12-2003,75.97,77.63,,,,,,,
15-12-2003,75.96,77.62,,,,,,,
22-12-2003,75.92,77.61,,,,,,,
29-12-2003,75.94,77.60,,,,,,,
05-01-2004,75.88,77.54,,,,,,,
12-01-2004,75.90,77.54,,,,,,,
19-01-2004,76.36,78.06,,,,,,,
26-01-2004,76.44,78.08,,,,,,,
02-02-2004,76.48,78.13,,,,,,,
09-02-2004,76.50,77.98,,,,,,,
16-02-2004,76.44,78.00,,,,,,,
23-02-2004,76.38,77.93,,,,,,,
01-03-2004,76.32,77.87,,,,,,,
08-03-2004,76.73,78.25,,,,,,,
15-03-2004,77.39,78.80,,,,,,,
22-03-2004,77.44,78.92,,,,,,,
29-03-2004,77.59,79.01,,,,,,,
05-04-2004,77.86,79.23,,,,,,,
12-04-2004,77.88,79.27,,,,,,,
19-04-2004,78.04,79.43,,,,,,,
26-04-2004,78.40,79.75,,,,,,,
04-05-2004,79.28,80.64,,,,,,,
10-05-2004,80.30,81.68,,,,,,,
17-05-2004,81.49,82.83,,,,,,,
24-05-2004,82.13,83.48,,,,,,,
31-05-2004,82.35,83.61,,,,,,,
07-06-2004,82.44,83.65,,,,,,,
14-06-2004,81.54,82.60,,,,,,,
21-06-2004,81.04,82.09,,,,,,,
28-06-2004,80.41,81.04,,,,,,,
05-07-2004,79.87,80.51,,,,,,,
12-07-2004,80.34,81.05,,,,,,,
19-07-2004,80.84,81.68,,,,,,,
26-07-2004,80.87,81.70,,,,,,,
02-08-2004,80.86,81.79,,,,,,,
09-08-2004,81.18,82.14,,,,,,,
16-08-2004,81.25,82.33,,,,,,,
23-08-2004,81.51,82.82,,,,,,,
31-08-2004,81.53,82.89,,,,,,,
06-09-2004,81.37,82.92,,,,,,,
13-09-2004,81.31,82.91,,,,,,,
20-09-2004,81.28,83.03,,,,,,,
27-09-2004,81.63,83.46,,,,,,,
04-10-2004,82.05,83.84,,,,,,,
11-10-2004,83.11,85.01,,,,,,,
18-10-2004,83.35,85.34,,,,,,,
25-10-2004,83.94,86.03,,,,,,,
01-11-2004,84.27,86.42,,,,,,,
08-11-2004,84.34,86.54,,,,,,,
15-11-2004,84.26,86.42,,,,,,,
22-11-2004,81.46,85.17,,,,,,,
29-11-2004,84.17,86.36,,,,,,,
06-12-2004,84.06,86.40,,,,,,,
13-12-2004,82.73,85.98,,,,,,,
20-12-2004,81.46,85.17,,,,,,,
27-12-2004,81.20,85.14,,,,,,,
03-01-2005,81.17,85.12,,,,,,,
10-01-2005,79.84,84.87,,,,,,,
17-01-2005,78.93,83.94,,,,,,,
24-01-2005,78.93,83.87,,,,,,,
31-01-2005,79.54,84.23,,,,,,,
07-02-2005,79.84,84.27,,,,,,,
14-02-2005,80.03,84.32,,,,,,,
21-02-2005,80.15,84.36,,,,,,,
28-02-2005,80.45,84.65,,,,,,,
07-03-2005,81.16,85.64,,,,,,,
14-03-2005,81.64,86.11,,,,,,,
21-03-2005,82.70,87.06,,,,,,,
28-03-2005,83.40,87.68,,,,,,,
04-04-2005,83.91,88.30,,,,,,,
11-04-2005,85.61,89.82,,,,,,,
18-04-2005,85.63,89.80,,,,,,,
25-04-2005,85.51,89.62,,,,,,,
02-05-2005,85.44,89.30,,,,,,,
09-05-2005,85.36,89.46,,,,,,,
16-05-2005,85.27,89.40,,,,,,,
23-05-2005,84.77,89.00,,,,,,,
30-05-2005,84.18,88.39,,,,,,,
06-06-2005,84.01,88.23,,,,,,,
13-06-2005,84.99,88.96,,,,,,,
20-06-2005,85.52,89.54,,,,,,,
27-06-2005,86.73,90.27,,,,,,,
04-07-2005,87.49,91.00,,,,,,,
11-07-2005,87.73,91.89,,,,,,,
18-07-2005,88.55,92.67,,,,,,,
25-07-2005,89.00,93.03,,,,,,,
01-08-2005,89.25,93.26,,,,,,,
08-08-2005,89.67,93.63,,,,,,,
15-08-2005,90.56,94.50,,,,,,,
22-08-2005,90.77,94.68,,,,,,,
29-08-2005,91.42,95.33,,,,,,,
05-09-2005,94.37,97.19,,,,,,,
12-09-2005,95.07,97.89,,,,,,,
19-09-2005,94.41,97.32,,,,,,,
26-09-2005,93.33,96.27,,,,,,,
03-10-2005,93.51,96.61,,,,,,,
10-10-2005,94.25,97.05,,,,,,,
17-10-2005,94.14,97.00,,,,,,,
24-10-2005,93.47,96.80,,,,,,,
31-10-2005,92.79,96.57,,,,,,,
07-11-2005,92.47,96.59,,,,,,,
14-11-2005,90.53,94.92,,,,,,,
21-11-2005,88.61,93.22,,,,,,,
28-11-2005,87.35,91.80,,,,,,,
05-12-2005,87.35,91.80,,,,,,,
12-12-2005,87.20,91.48,,,,,,,
19-12-2005,87.56,91.83,,,,,,,
26-12-2005,87.88,92.12,,,,,,,
02-01-2006,88.03,92.27,,,,,,,
09-01-2006,88.56,92.94,,,,,,,
16-01-2006,89.01,93.19,,,,,,,
23-01-2006,89.55,93.62,,,,,,,
30-01-2006,89.88,93.93,,,,,,,
06-02-2006,89.73,93.85,,,,,,,
13-02-2006,89.65,93.77,,,,,,,
20-02-2006,89.60,93.75,,,,,,,
27-02-2006,89.51,93.69,,,,,,,
06-03-2006,89.37,93.63,,,,,,,
13-03-2006,89.55,93.85,,,,,,,
20-03-2006,90.19,94.42,,,,,,,
27-03-2006,91.16,94.95,,,,,,,
03-04-2006,91.78,95.64,,,,,,,
10-04-2006,92.77,96.40,,,,,,,
18-04-2006,94.23,97.64,,,,,,,
24-04-2006,95.35,98.50,,,,,,,
01-05-2006,96.13,98.90,,,,,,,
08-05-2006,96.46,98.90,,,,,,,
15-05-2006,96.39,98.74,,,,,,,
22-05-2006,96.10,98.50,,,,,,,
29-05-2006,95.36,97.69,,,,,,,
05-06-2006,95.24,97.55,,,,,,,
12-06-2006,95.49,97.75,,,,,,,
19-06-2006,95.44,97.77,,,,,,,
26-06-2006,94.97,97.36,,,,,,,
03-07-2006,95.27,97.60,,,,,,,
10-07-2006,95.69,97.99,,,,,,,
17-07-2006,96.88,98.74,,,,,,,
24-07-2006,97.78,99.41,,,,,,,
31-07-2006,97.83,99.41,,,,,,,
07-08-2006,98.05,99.57,,,,,,,
14-08-2006,97.82,99.45,,,,,,,
21-08-2006,95.74,97.93,,,,,,,
28-08-2006,94.40,96.67,,,,,,,
04-09-2006,92.88,95.92,,,,,,,
11-09-2006,91.48,95.34,,,,,,,
18-09-2006,89.78,94.95,,,,,,,
25-09-2006,88.20,93.51,,,,,,,
02-10-2006,86.95,92.13,,,,,,,
09-10-2006,86.60,91.74,,,,,,,
16-10-2006,85.91,91.59,,,,,,,
23-10-2006,85.74,91.22,,,,,,,
30-10-2006,85.60,91.17,,,,,,,
06-11-2006,85.54,91.12,,,,,,,
13-11-2006,85.49,91.15,,,,,,,
20-11-2006,85.45,91.17,,,,,,,
27-11-2006,85.47,91.17,,,,,,,
04-12-2006,85.46,91.50,,,,,,,
11-12-2006,87.44,92.96,,,,,,,
18-12-2006,87.70,93.26,,,,,,,
25-12-2006,87.90,93.41,,,,,,,
01-01-2007,87.85,93.40,,,,,,,
08-01-2007,87.66,93.11,,,,,,,
15-01-2007,87.10,91.55,,,,,,,
22-01-2007,86.28,90.45,,,,,,,
29-01-2007,85.66,89.70,,,,,,,
05-02-2007,85.62,89.63,,,,,,,
12-02-2007,86.12,90.11,,,,,,,
19-02-2007,86.60,90.55,,,,,,,
26-02-2007,87.07,91.02,,,,,,,
05-03-2007,87.74,91.59,,,,,,,
12-03-2007,88.48,92.17,,,,,,,
19-03-2007,88.93,92.61,,,,,,,
26-03-2007,89.32,92.91,,,,,,,
02-04-2007,90.47,93.90,,,,,,,
10-04-2007,91.18,94.33,,,,,,,
16-04-2007,91.99,94.86,,,,,,,
23-04-2007,92.93,95.39,,,,,,,
30-04-2007,93.45,95.71,,,,,,,
07-05-2007,94.43,96.12,,,,,,,
14-05-2007,95.07,96.47,,,,,,,
21-05-2007,95.71,96.69,,,,,,,
28-05-2007,96.16,96.99,,,,,,,
04-06-2007,96.51,97.19,,,,,,,
11-06-2007,96.61,97.20,,,,,,,
18-06-2007,96.56,97.11,,,,,,,
25-06-2007,96.54,97.12,,,,,,,
02-07-2007,96.36,96.89,,,,,,,
09-07-2007,96.20,96.78,,,,,,,
16-07-2007,96.21,96.79,,,,,,,
23-07-2007,96.23,96.83,,,,,,,
30-07-2007,96.20,96.77,,,,,,,
06-08-2007,96.15,96.72,,,,,,,
13-08-2007,96.00,96.70,,,,,,,
20-08-2007,95.31,96.59,,,,,,,
27-08-2007,95.00,96.37,,,,,,,
03-09-2007,94.80,96.37,,,,,,,
10-09-2007,94.63,96.34,,,,,,,
17-09-2007,94.65,96.45,,,,,,,
24-09-2007,94.91,96.90,,,,,,,
01-10-2007,96.39,98.51,,,,,,,
08-10-2007,97.14,99.10,,,,,,,
15-10-2007,97.19,99.18,,,,,,,
22-10-2007,97.81,99.89,,,,,,,
29-10-2007,98.26,100.69,,,,,,,
05-11-2007,99.36,102.16,,,,,,,
12-11-2007,100.74,104.17,,,,,,,
19-11-2007,101.47,105.28,,,,,,,
26-11-2007,102.13,106.25,,,,,,,
03-12-2007,102.58,107.19,,,,,,,
10-12-2007,102.67,107.47,,,,,,,
17-12-2007,102.60,107.56,,,,,,,
24-12-2007,102.53,107.50,,,,,,,
31-12-2007,102.66,107.61,,,,,,,
07-01-2008,103.37,108.29,,,,,,,
14-01-2008,103.82,108.77,,,,,,,
21-01-2008,104.22,109.09,,,,,,,
28-01-2008,104.22,109.11,,,,,,,
04-02-2008,104.03,108.99,,,,,,,
11-02-2008,103.67,108.86,,,,,,,
18-02-2008,103.70,108.99,,,,,,,
25-02-2008,104.65,110.21,,,,,,,
03-03-2008,105.24,110.90,,,,,,,
10-03-2008,105.96,112.23,,,,,,,
17-03-2008,106.41,113.08,,,,,,,
24-03-2008,106.90,114.40,,,,,,,
31-03-2008,107.10,114.79,,,,,,,
07-04-2008,107.24,115.47,,,,,,,
14-04-2008,107.61,116.51,,,,,,,
21-04-2008,108.57,118.06,,,,,,,
28-04-2008,109.50,119.10,,,,,,,
05-05-2008,110.30,120.37,,,,,,,
12-05-2008,111.04,121.49,,,,,,,
19-05-2008,112.96,124.50,,,,,,,
26-05-2008,114.79,127.21,,,,,,,
02-06-2008,116.03,128.82,,,,,,,
09-06-2008,116.86,129.68,,,,,,,
16-06-2008,117.69,130.66,,,,,,,
23-06-2008,118.44,131.45,,,,,,,
30-06-2008,118.84,132.03,,,,,,,
07-07-2008,119.28,132.55,,,,,,,
14-07-2008,119.44,132.87,,,,,,,
21-07-2008,119.40,132.89,,,,,,,
28-07-2008,116.91,130.71,,,,,,,
04-08-2008,115.06,128.19,,,,,,,
11-08-2008,113.92,126.20,,,,,,,
18-08-2008,112.22,124.10,,,,,,,
25-08-2008,112.02,123.74,,,,,,,
01-09-2008,112.20,123.89,,,,,,,
08-09-2008,112.55,124.20,,,,,,,
15-09-2008,112.51,124.14,,,,,,,
22-09-2008,110.81,122.61,,,,,,,
29-09-2008,109.85,121.65,,,,,,,
06-10-2008,109.45,121.14,,,,,,,
13-10-2008,107.04,118.42,,,,,,,
20-10-2008,102.66,114.31,,,,,,,
27-10-2008,98.62,111.01,,,,,,,
03-11-2008,97.40,109.87,,,,,,,
10-11-2008,95.89,109.13,,,,,,,
17-11-2008,94.83,108.73,,,,,,,
24-11-2008,92.79,107.78,,,,,,,
01-12-2008,91.47,106.56,,,,,,,
08-12-2008,90.16,104.87,,,,,,,
15-12-2008,89.07,101.24,,,,,,,
22-12-2008,88.01,99.94,,,,,,,
29-12-2008,87.34,99.17,,,,,,,
05-01-2009,85.42,97.57,,,,,,,
12-01-2009,86.02,98.32,,,,,,,
19-01-2009,86.19,98.45,,,,,,,
26-01-2009,87.42,99.39,,,,,,,
02-02-2009,88.16,99.82,,,,,,,
09-02-2009,89.28,100.31,,,,,,,
16-02-2009,90.12,100.86,,,,,,,
23-02-2009,90.33,100.81,,,,,,,
02-03-2009,90.28,100.64,,,,,,,
09-03-2009,90.15,100.03,,,,,,,
16-03-2009,90.16,99.82,,,,,,,
23-03-2009,90.16,99.52,,,,,,,
30-03-2009,91.35,99.98,,,,,,,
06-04-2009,93.72,102.14,,,,,,,
13-04-2009,94.11,102.44,,,,,,,
20-04-2009,94.62,102.71,,,,,,,
27-04-2009,95.13,102.83,,,,,,,
04-05-2009,95.60,102.80,,,,,,,
11-05-2009,96.59,103.10,,,,,,,
18-05-2009,97.54,103.37,,,,,,,
25-05-2009,98.90,103.55,,,,,,,
01-06-2009,99.39,103.55,,,,,,,
08-06-2009,100.59,103.78,,,,,,,
15-06-2009,101.98,104.50,,,,,,,
22-06-2009,102.81,104.92,,,,,,,
29-06-2009,103.30,105.05,,,,,,,
06-07-2009,103.57,105.11,,,,,,,
13-07-2009,102.78,104.04,,,,,,,
20-07-2009,102.22,102.99,,,,,,,
27-07-2009,102.17,102.91,,,,,,,
03-08-2009,102.36,103.20,,,,,,,
10-08-2009,103.01,103.79,,,,,,,
17-08-2009,103.96,104.45,,,,,,,
24-08-2009,104.70,105.11,,,,,,,
31-08-2009,105.11,105.50,,,,,,,
07-09-2009,106.85,107.30,,,,,,,
14-09-2009,106.43,107.09,,,,,,,
21-09-2009,105.96,106.79,,,,,,,
28-09-2009,105.44,106.39,,,,,,,
05-10-2009,104.87,105.85,,,,,,,
12-10-2009,104.71,105.69,,,,,,,
19-10-2009,105.08,106.28,,,,,,,
26-10-2009,106.76,107.78,,,,,,,
02-11-2009,107.43,108.51,,,,,,,
09-11-2009,108.10,109.35,,,,,,,
16-11-2009,108.48,109.65,,,,,,,
23-11-2009,108.73,109.87,,,,,,,
30-11-2009,108.79,109.99,,,,,,,
07-12-2009,108.64,109.87,,,,,,,
14-12-2009,108.50,109.57,,,,,,,
21-12-2009,107.47,109.13,,,,,,,
28-12-2009,107.44,109.17,,,,,,,
04-01-2010,109.34,111.08,,,,,,,
11-01-2010,110.72,112.59,,,,,,,
18-01-2010,111.60,113.39,,,,,,,
25-01-2010,111.87,113.71,,,,,,,
01-02-2010,111.91,113.75,,,,,,,
08-02-2010,111.95,113.79,,,,,,,
15-02-2010,111.89,113.68,,,,,,,
22-02-2010,111.56,112.76,,,,,,,
01-03-2010,112.42,113.41,,,,,,,
08-03-2010,113.71,114.68,,,,,,,
15-03-2010,115.46,116.21,,,,,,,
22-03-2010,116.59,117.28,,,,,,,
29-03-2010,117.28,118.21,,,,,,,
05-04-2010,119.29,120.09,,,,,,,
12-04-2010,119.94,121.11,,,,,,,
19-04-2010,120.55,121.74,,,,,,,
26-04-2010,120.99,122.31,,,,,,,
03-05-2010,121.18,122.68,,,,,,,
10-05-2010,121.31,122.82,,,,,,,
17-05-2010,121.30,122.83,,,,,,,
24-05-2010,119.93,121.92,,,,,,,
31-05-2010,118.54,120.76,,,,,,,
07-06-2010,118.20,120.40,,,,,,,
14-06-2010,117.87,120.21,,,,,,,
21-06-2010,117.80,120.39,,,,,,,
28-06-2010,117.88,120.38,,,,,,,
05-07-2010,117.91,120.44,,,,,,,
12-07-2010,117.39,119.78,,,,,,,
19-07-2010,116.85,119.24,,,,,,,
26-07-2010,116.61,119.03,,,,,,,
02-08-2010,116.51,119.03,,,,,,,
09-08-2010,116.35,118.94,,,,,,,
16-08-2010,116.34,118.79,,,,,,,
23-08-2010,115.64,117.90,,,,,,,
30-08-2010,114.98,117.37,,,,,,,
06-09-2010,114.59,117.09,,,,,,,
13-09-2010,114.66,117.17,,,,,,,
20-09-2010,115.06,117.72,,,,,,,
27-09-2010,115.39,118.11,,,,,,,
04-10-2010,116.01,118.97,,,,,,,
11-10-2010,116.78,119.77,,,,,,,
18-10-2010,117.28,120.60,,,,,,,
25-10-2010,117.74,121.17,,,,,,,
01-11-2010,118.18,121.66,,,,,,,
08-11-2010,118.67,122.19,,,,,,,
15-11-2010,118.80,122.51,,,,,,,
22-11-2010,118.99,122.74,,,,,,,
29-11-2010,119.21,123.20,,,,,,,
06-12-2010,120.54,124.62,,,,,,,
13-12-2010,121.68,125.77,,,,,,,
20-12-2010,122.31,126.52,,,,,,,
27-12-2010,123.44,127.68,,,,,,,
03-01-2011,124.85,129.11,,,,,,,
10-01-2011,127.40,131.60,,,,,,,
17-01-2011,127.87,132.33,,,,,,,
24-01-2011,128.35,133.00,,,,,,,
31-01-2011,128.55,133.25,,,,,,,
07-02-2011,128.64,133.47,,,,,,,
14-02-2011,128.73,133.71,,,,,,,
21-02-2011,128.92,134.04,,,,,,,
28-02-2011,129.72,135.06,,,,,,,
07-03-2011,131.28,136.90,,,,,,,
14-03-2011,132.18,138.25,,,,,,,
21-03-2011,133.11,139.53,,,,,,,
28-03-2011,132.44,139.04,,,,,,,
04-04-2011,132.81,139.46,,,,,,,
11-04-2011,133.68,140.33,,,,,,,
18-04-2011,135.06,141.34,,,,,,,
25-04-2011,135.62,142.11,,,,,,,
02-05-2011,136.29,142.53,,,,,,,
09-05-2011,137.05,143.06,,,,,,,
16-05-2011,136.40,141.50,,,,,,,
23-05-2011,136.11,140.77,,,,,,,
30-05-2011,135.57,139.81,,,,,,,
06-06-2011,135.62,139.58,,,,,,,
13-06-2011,135.86,139.77,,,,,,,
20-06-2011,136.03,140.05,,,,,,,
27-06-2011,134.86,138.77,,,,,,,
04-07-2011,133.43,137.70,,,,,,,
11-07-2011,134.18,138.40,,,,,,,
18-07-2011,134.97,139.36,,,,,,,
25-07-2011,135.66,139.95,,,,,,,
01-08-2011,136.07,140.55,,,,,,,
08-08-2011,136.46,140.84,,,,,,,
15-08-2011,135.95,140.36,,,,,,,
22-08-2011,134.56,139.04,,,,,,,
29-08-2011,134.32,138.72,,,,,,,
05-09-2011,134.62,138.96,,,,,,,
12-09-2011,135.00,139.40,,,,,,,
19-09-2011,135.40,139.86,,,,,,,
26-09-2011,135.65,140.14,,,,,,,
03-10-2011,135.02,139.77,,,,,,,
10-10-2011,134.47,139.52,,,,,,,
17-10-2011,134.49,139.73,,,,,,,
24-10-2011,134.66,140.19,,,,,,,
31-10-2011,134.73,140.27,,,,,,,
07-11-2011,134.41,140.42,,,,,,,
14-11-2011,133.68,140.53,,,,,,,
21-11-2011,133.38,141.06,,,,,,,
28-11-2011,133.17,141.10,,,,,,,
05-12-2011,132.78,140.99,,,,,,,
12-12-2011,132.53,140.95,,,,,,,
19-12-2011,132.49,140.93,,,,,,,
26-12-2011,132.41,140.77,,,,,,,
02-01-2012,132.40,140.84,,,,,,,
09-01-2012,132.68,141.00,,,,,,,
16-01-2012,133.29,141.69,,,,,,,
23-01-2012,133.72,142.06,,,,,,,
30-01-2012,134.10,142.45,,,,,,,
06-02-2012,134.25,142.24,,,,,,,
13-02-2012,134.90,142.83,,,,,,,
20-02-2012,135.21,143.15,,,,,,,
27-02-2012,136.21,143.92,,,,,,,
05-03-2012,137.30,144.71,,,,,,,
12-03-2012,137.90,145.15,,,,,,,
19-03-2012,138.96,146.16,,,,,,,
26-03-2012,139.48,146.56,,,,,,,
02-04-2012,140.99,147.68,,,,,,,
09-04-2012,141.97,148.00,,,,,,,
16-04-2012,142.17,148.04,,,,,,,
23-04-2012,141.76,147.96,,,,,,,
30-04-2012,141.00,147.05,,,,,,,
07-05-2012,140.14,146.40,,,,,,,
14-05-2012,138.29,144.52,,,,,,,
21-05-2012,135.77,141.75,,,,,,,
28-05-2012,134.37,140.49,,,,,,,
04-06-2012,134.06,139.96,,,,,,,
11-06-2012,133.67,139.58,,,,,,,
18-06-2012,131.99,137.71,,,,,,,
25-06-2012,131.55,137.20,,,,,,,
02-07-2012,130.50,135.91,,,,,,,
09-07-2012,131.06,136.44,,,,,,,
16-07-2012,131.49,136.85,,,,,,,
23-07-2012,132.21,137.72,,,,,,,
30-07-2012,132.78,138.25,,,,,,,
06-08-2012,133.39,138.79,,,,,,,
13-08-2012,134.27,139.46,,,,,,,
20-08-2012,135.72,140.79,,,,,,,
27-08-2012,137.10,142.17,,,,,,,
03-09-2012,138.03,142.87,,,,,,,
10-09-2012,138.91,143.66,,,,,,,
17-09-2012,139.42,144.18,,,,,,,
24-09-2012,139.54,144.36,,,,,,,
01-10-2012,138.43,143.28,,,,,,,
08-10-2012,138.24,143.05,,,,,,,
15-10-2012,138.35,143.23,,,,,,,
22-10-2012,138.29,143.23,,,,,,,
29-10-2012,136.98,143.00,,,,,,,
05-11-2012,136.43,142.75,,,,,,,
12-11-2012,135.09,141.74,,,,,,,
19-11-2012,134.56,141.33,,,,,,,
26-11-2012,134.38,141.13,,,,,,,
03-12-2012,133.05,140.91,,,,,,,
10-12-2012,132.55,140.76,,,,,,,
17-12-2012,131.98,140.08,,,,,,,
24-12-2012,131.95,139.84,,,,,,,
31-12-2012,131.92,139.81,,,,,,,
07-01-2013,131.86,139.75,,,,,,,
14-01-2013,132.00,139.68,,,,,,,
21-01-2013,132.21,139.95,,,,,,,
28-01-2013,132.95,140.77,,,,,,,
04-02-2013,134.38,141.91,,,,,,,
11-02-2013,135.56,143.03,,,,,,,
18-02-2013,136.86,144.17,,,,,,,
25-02-2013,138.50,145.55,,,,,,,
04-03-2013,139.47,146.34,,,,,,,
11-03-2013,140.00,146.71,,,,,,,
18-03-2013,137.58,144.84,,,,,,,
25-03-2013,137.09,144.33,,,,,,,
01-04-2013,137.30,143.51,,,,,,,
08-04-2013,137.31,143.13,,,,,,,
15-04-2013,137.11,141.67,,,,,,,
22-04-2013,135.68,140.64,,,,,,,
29-04-2013,134.66,139.59,,,,,,,
06-05-2013,133.42,138.54,,,,,,,
13-05-2013,133.12,138.27,,,,,,,
20-05-2013,133.17,138.42,,,,,,,
27-05-2013,133.64,138.82,,,,,,,
03-06-2013,134.04,139.17,,,,,,,
10-06-2013,134.30,139.43,,,,,,,
17-06-2013,134.46,139.54,,,,,,,
24-06-2013,134.52,139.64,,,,,,,
01-07-2013,133.44,138.51,,,,,,,
08-07-2013,133.77,138.73,,,,,,,
15-07-2013,134.95,139.84,,,,,,,
22-07-2013,136.04,140.72,,,,,,,
29-07-2013,136.87,141.44,,,,,,,
05-08-2013,137.02,141.67,,,,,,,
12-08-2013,137.13,141.82,,,,,,,
19-08-2013,137.00,141.73,,,,,,,
28-08-2013,136.83,141.78,,,,,,,
02-09-2013,137.14,142.09,,,,,,,
09-09-2013,137.60,142.67,,,,,,,
16-09-2013,137.47,142.52,,,,,,,
23-09-2013,136.95,142.09,,,,,,,
30-09-2013,133.40,140.19,,,,,,,
07-10-2013,131.62,138.83,,,,,,,
14-10-2013,131.67,139.15,,,,,,,
21-10-2013,131.53,138.99,,,,,,,
28-10-2013,131.42,138.88,,,,,,,
04-11-2013,129.92,137.51,,,,,,,
11-11-2013,129.71,137.32,,,,,,,
18-11-2013,129.89,137.47,,,,,,,
25-11-2013,130.03,137.72,,,,,,,
02-12-2013,130.25,137.90,,,,,,,
09-12-2013,130.76,138.55,,,,,,,
16-12-2013,130.96,138.84,,,,,,,
23-12-2013,130.05,138.17,,,,,,,
30-12-2013,130.03,137.98,,,,,,,
06-01-2014,130.26,138.11,,,,,,,
13-01-2014,130.36,138.34,,,,,,,
20-01-2014,129.37,137.23,,,,,,,
27-01-2014,129.02,136.94,,,,,,,
03-02-2014,128.85,136.84,,,,,,,
10-02-2014,128.81,136.84,,,,,,,
17-02-2014,129.16,136.81,,,,,,,
24-02-2014,129.20,136.95,,,,,,,
03-03-2014,129.36,137.15,,,,,,,
10-03-2014,129.39,137.08,,,,,,,
17-03-2014,128.76,136.27,,,,,,,
24-03-2014,128.57,136.00,,,,,,,
31-03-2014,128.76,135.89,,,,,,,
07-04-2014,128.71,136.01,,,,,,,
14-04-2014,128.89,136.05,,,,,,,
21-04-2014,129.11,136.12,,,,,,,
28-04-2014,129.09,135.93,,,,,,,
05-05-2014,129.27,136.16,,,,,,,
12-05-2014,129.50,136.37,,,,,,,
19-05-2014,129.42,136.17,,,,,,,
26-05-2014,129.51,136.36,,,,,,,
02-06-2014,129.63,136.38,,,,,,,
09-06-2014,129.69,136.04,,,,,,,
16-06-2014,129.88,135.54,,,,,,,
23-06-2014,130.14,135.50,,,,,,,
30-06-2014,130.69,136.04,,,,,,,
07-07-2014,131.10,136.22,,,,,,,
14-07-2014,131.11,136.17,,,,,,,
21-07-2014,131.04,135.69,,,,,,,
28-07-2014,130.83,135.50,,,,,,,
04-08-2014,129.63,134.31,,,,,,,
11-08-2014,129.41,133.85,,,,,,,
18-08-2014,129.29,133.74,,,,,,,
25-08-2014,128.34,133.16,,,,,,,
01-09-2014,128.01,132.77,,,,,,,
08-09-2014,128.34,133.09,,,,,,,
15-09-2014,128.43,133.13,,,,,,,
22-09-2014,128.62,133.32,,,,,,,
29-09-2014,128.59,133.23,,,,,,,
06-10-2014,126.78,131.43,,,,,,,
13-10-2014,126.50,131.08,,,,,,,
20-10-2014,125.40,130.00,,,,,,,
27-10-2014,125.11,129.72,,,,,,,
03-11-2014,123.94,128.56,,,,,,,
10-11-2014,122.94,127.59,,,,,,,
17-11-2014,122.50,127.31,,,,,,,
24-11-2014,122.29,127.17,,,,,,,
01-12-2014,121.18,126.11,,,,,,,
08-12-2014,119.83,124.79,,,,,,,
15-12-2014,116.30,122.43,,,,,,,
22-12-2014,113.66,120.81,,,,,,,
29-12-2014,113.16,120.36,,,,,,,
05-01-2015,111.06,117.93,,,,,,,
12-01-2015,108.87,116.22,,,,,,,
19-01-2015,106.83,114.33,,,,,,,
26-01-2015,106.32,113.76,,,,,,,
02-02-2015,106.04,113.61,,,,,,,
09-02-2015,106.35,113.91,,,,,,,
16-02-2015,107.26,114.73,,,,,,,
23-02-2015,108.34,115.74,,,,,,,
02-03-2015,109.20,116.64,,,,,,,
09-03-2015,110.07,117.51,,,,,,,
16-03-2015,111.04,118.26,,,,,,,
23-03-2015,111.65,118.71,,,,,,,
30-03-2015,112.06,118.97,,,,,,,
06-04-2015,112.37,119.09,,,,,,,
13-04-2015,112.52,119.15,,,,,,,
20-04-2015,112.87,119.14,,,,,,,
27-04-2015,113.55,119.58,,,,,,,
04-05-2015,114.27,120.00,,,,,,,
11-05-2015,115.10,120.59,,,,,,,
18-05-2015,115.74,121.04,,,,,,,
25-05-2015,116.02,121.32,,,,,,,
01-06-2015,116.13,121.30,,,,,,,
08-06-2015,116.26,121.34,,,,,,,
15-06-2015,116.39,121.30,,,,,,,
22-06-2015,116.60,121.21,,,,,,,
29-06-2015,116.55,120.99,,,,,,,
06-07-2015,116.34,120.76,,,,,,,
13-07-2015,116.41,118.83,,,,,,,
20-07-2015,116.79,118.43,,,,,,,
27-07-2015,116.44,116.95,,,,,,,
03-08-2015,116.12,115.17,,,,,,,
10-08-2015,115.48,114.20,,,,,,,
17-08-2015,114.58,112.05,,,,,,,
24-08-2015,113.23,111.05,,,,,,,
31-08-2015,111.21,109.92,,,,,,,
07-09-2015,110.90,109.78,,,,,,,
14-09-2015,110.60,109.95,,,,,,,
21-09-2015,110.61,110.52,,,,,,,
28-09-2015,109.47,110.45,,,,,,,
05-10-2015,108.94,110.57,,,,,,,
12-10-2015,108.97,110.78,,,,,,,
19-10-2015,109.01,111.17,,,,,,,
26-10-2015,108.04,110.61,,,,,,,
02-11-2015,107.21,110.14,,,,,,,
09-11-2015,107.14,110.08,,,,,,,
16-11-2015,107.36,110.32,,,,,,,
23-11-2015,107.29,110.27,,,,,,,
30-11-2015,106.97,110.01,,,,,,,
07-12-2015,106.75,109.92,,,,,,,
14-12-2015,104.00,108.07,,,,,,,
21-12-2015,102.33,107.04,,,,,,,
28-12-2015,102.11,106.43,,,,,,,
04-01-2016,102.00,106.32,,,,,,,
11-01-2016,101.89,103.41,,,,,,,
18-01-2016,101.80,102.81,,,,,,,
25-01-2016,101.42,101.54,,,,,,,
01-02-2016,101.36,100.84,,,,,,,
08-02-2016,101.51,101.14,,,,,,,
15-02-2016,101.45,101.21,,,,,,,
22-02-2016,101.39,101.13,,,,,,,
29-02-2016,101.42,101.38,,,,,,,
07-03-2016,101.46,101.67,,,,,,,
14-03-2016,101.71,102.52,,,,,,,
21-03-2016,102.58,103.64,,,,,,,
28-03-2016,103.40,104.40,,,,,,,
04-04-2016,104.51,105.32,,,,,,,
11-04-2016,105.39,105.98,,,,,,,
18-04-2016,106.41,106.97,,,,,,,
25-04-2016,107.14,107.67,,,,,,,
02-05-2016,107.82,108.58,,,,,,,
09-05-2016,108.19,109.00,,,,,,,
16-05-2016,108.53,109.30,,,,,,,
23-05-2016,109.12,109.90,,,,,,,
30-05-2016,109.79,110.70,,,,,,,
06-06-2016,110.40,111.43,,,,,,,
13-06-2016,111.03,111.99,,,,,,,
20-06-2016,111.22,112.31,,,,,,,
27-06-2016,111.44,112.56,,,,,,,
04-07-2016,111.65,112.86,,,,,,,
11-07-2016,111.89,113.09,,,,,,,
18-07-2016,111.92,113.00,,,,,,,
25-07-2016,111.69,112.89,,,,,,,
01-08-2016,111.05,112.43,,,,,,,
08-08-2016,109.75,111.40,,,,,,,
15-08-2016,109.28,111.02,,,,,,,
22-08-2016,109.63,111.71,,,,,,,
29-08-2016,110.43,112.55,,,,,,,
05-09-2016,110.97,113.10,,,,,,,
12-09-2016,111.31,113.42,,,,,,,
19-09-2016,111.29,113.23,,,,,,,
26-09-2016,111.36,113.38,,,,,,,
03-10-2016,111.65,113.71,,,,,,,
10-10-2016,112.35,114.40,,,,,,,
17-10-2016,113.72,116.00,,,,,,,
24-10-2016,115.20,117.70,,,,,,,
31-10-2016,116.02,118.42,,,,,,,
07-11-2016,116.56,119.03,,,,,,,
14-11-2016,116.50,118.92,,,,,,,
21-11-2016,114.71,117.42,,,,,,,
28-11-2016,113.72,116.57,,,,,,,
05-12-2016,113.66,116.75,,,,,,,
12-12-2016,114.23,117.51,,,,,,,
19-12-2016,115.00,118.61,,,,,,,
26-12-2016,115.45,119.03,,,,,,,
02-01-2017,117.00,120.03,,,,,,,
09-01-2017,117.98,121.30,,,,,,,
16-01-2017,118.63,122.10,,,,,,,
23-01-2017,119.43,122.75,,,,,,,
30-01-2017,120.01,123.19,,,,,,,
06-02-2017,120.18,123.25,,,,,,,
13-02-2017,120.15,123.17,,,,,,,
20-02-2017,120.20,123.15,,,,,,,
27-02-2017,120.12,123.06,,,,,,,
06-03-2017,120.02,122.90,,,,,,,
13-03-2017,119.80,122.77,,,,,,,
20-03-2017,118.95,121.84,,,,,,,
27-03-2017,118.03,121.08,,,,,,,
03-04-2017,116.93,119.92,,,,,,,
10-04-2017,117.02,119.98,,,,,,,
17-04-2017,117.54,120.36,,,,,,,
24-04-2017,118.15,120.77,,,,,,,
01-05-2017,118.08,120.78,,,,,,,
08-05-2017,117.06,119.34,,,,,,,
15-05-2017,115.60,117.65,,,,,,,
22-05-2017,115.67,117.76,,,,,,,
29-05-2017,115.79,117.88,,,,,,,
05-06-2017,115.82,117.95,,,,,,,
12-06-2017,115.69,117.76,,,,,,,
19-06-2017,115.12,117.18,,,,,,,
26-06-2017,114.43,116.26,,,,,,,
03-07-2017,113.74,115.63,,,,,,,
10-07-2017,113.58,115.29,,,,,,,
17-07-2017,113.89,115.58,,,,,,,
24-07-2017,113.99,115.73,,,,,,,
31-07-2017,114.16,115.99,,,,,,,
07-08-2017,114.78,116.64,,,,,,,
14-08-2017,115.53,117.43,,,,,,,
21-08-2017,116.04,118.05,,,,,,,
28-08-2017,116.40,118.24,,,,,,,
04-09-2017,116.95,118.77,,,,,,,
11-09-2017,118.14,119.94,,,,,,,
18-09-2017,118.85,120.59,,,,,,,
25-09-2017,118.87,120.92,,,,,,,
02-10-2017,118.13,120.37,,,,,,,
09-10-2017,117.16,120.51,,,,,,,
16-10-2017,117.01,120.42,,,,,,,
23-10-2017,117.04,120.65,,,,,,,
30-10-2017,117.06,120.63,,,,,,,
06-11-2017,117.57,121.27,,,,,,,
13-11-2017,118.91,122.69,,,,,,,
20-11-2017,119.67,123.32,,,,,,,
27-11-2017,120.13,123.79,,,,,,,
04-12-2017,119.75,123.21,,,,,,,
11-12-2017,119.91,123.69,,,,,,,
18-12-2017,119.98,123.81,,,,,,,
25-12-2017,120.00,123.43,,,,,,,
01-01-2018,120.19,123.51,,,,,,,
08-01-2018,120.52,123.97,,,,,,,
15-01-2018,120.96,124.58,,,,,,,
22-01-2018,121.50,125.07,,,,,,,
29-01-2018,121.69,125.32,,,,,,,
05-02-2018,121.73,125.36,,,,,,,
12-02-2018,121.58,125.02,,,,,,,
19-02-2018,120.52,124.18,,,,,,,
26-02-2018,119.55,123.09,,,,,,,
05-03-2018,119.29,122.92,,,,,,,
12-03-2018,119.11,122.96,,,,,,,
19-03-2018,119.17,122.84,,,,,,,
26-03-2018,119.23,122.90,,,,,,,
02-04-2018,119.43,123.05,,,,,,,
09-04-2018,119.96,123.58,,,,,,,
16-04-2018,120.56,124.29,,,,,,,
23-04-2018,121.44,125.39,,,,,,,
30-04-2018,122.22,126.01,,,,,,,
07-05-2018,123.27,126.99,,,,,,,
14-05-2018,124.32,128.28,,,,,,,
21-05-2018,125.93,130.04,,,,,,,
28-05-2018,127.58,131.66,,,,,,,
04-06-2018,128.43,132.34,,,,,,,
11-06-2018,128.61,132.62,,,,,,,
18-06-2018,127.92,131.98,,,,,,,
25-06-2018,127.18,131.27,,,,,,,
02-07-2018,126.54,130.83,,,,,,,
09-07-2018,126.97,131.53,,,,,,,
16-07-2018,127.47,131.85,,,,,,,
23-07-2018,127.50,131.90,,,,,,,
30-07-2018,127.54,131.94,,,,,,,
06-08-2018,128.02,132.39,,,,,,,
13-08-2018,128.39,132.56,,,,,,,
20-08-2018,128.79,132.97,,,,,,,
27-08-2018,129.18,133.20,,,,,,,
03-09-2018,129.76,133.67,,,,,,,
10-09-2018,130.24,134.31,,,,,,,
17-09-2018,130.59,134.57,,,,,,,
24-09-2018,130.59,134.77,,,,,,,
01-10-2018,129.98,134.86,,,,,,,
08-10-2018,130.15,135.53,,,,,,,
15-10-2018,130.81,136.63,,,,,,,
22-10-2018,130.98,136.93,,,,,,,
29-10-2018,130.64,136.99,,,,,,,
05-11-2018,130.11,137.03,,,,,,,
12-11-2018,128.94,137.08,,,,,,,
19-11-2018,127.40,136.38,,,,,,,
26-11-2018,125.77,135.43,,,,,,,
03-12-2018,124.30,134.38,,,,,,,
10-12-2018,122.37,132.50,,,,,,,
17-12-2018,121.02,131.26,,,,,,,
24-12-2018,120.61,130.91,,,,,,,
31-12-2018,120.18,130.26,,,,,,,
07-01-2019,120.27,130.33,,,,,,,
14-01-2019,119.53,129.47,,,,,,,
21-01-2019,119.12,128.92,,,,,,,
28-01-2019,119.29,129.10,,,,,,,
04-02-2019,119.13,129.13,,,,,,,
11-02-2019,118.97,129.17,,,,,,,
18-02-2019,119.05,129.23,,,,,,,
25-02-2019,119.22,129.66,,,,,,,
04-03-2019,119.72,130.25,,,,,,,
11-03-2019,120.10,130.59,,,,,,,
18-03-2019,120.48,130.85,,,,,,,
25-03-2019,120.83,131.15,,,,,,,
01-04-2019,121.70,131.48,,,,,,,
08-04-2019,122.66,132.08,,,,,,,
15-04-2019,124.06,132.96,,,,,,,
22-04-2019,125.43,133.99,,,,,,,
29-04-2019,126.36,134.60,,,,,,,
06-05-2019,127.50,135.41,,,,,,,
13-05-2019,127.97,135.36,,,,,,,
20-05-2019,128.51,135.82,,,,,,,
27-05-2019,129.14,136.45,,,,,,,
03-06-2019,129.41,136.39,,,,,,,
10-06-2019,128.89,135.40,,,,,,,
17-06-2019,127.66,133.76,,,,,,,
24-06-2019,126.66,131.81,,,,,,,
01-07-2019,126.49,131.55,,,,,,,
08-07-2019,126.86,131.68,,,,,,,
15-07-2019,127.13,131.86,,,,,,,
22-07-2019,127.81,132.21,,,,,,,
29-07-2019,128.03,132.60,,,,,,,
05-08-2019,128.37,132.61,,,,,,,
12-08-2019,128.36,132.59,,,,,,,
19-08-2019,128.17,132.60,,,,,,,
26-08-2019,128.22,132.51,,,,,,,
02-09-2019,127.86,132.29,,,,,,,
09-09-2019,127.79,131.89,,,,,,,
16-09-2019,126.92,131.35,,,,,,,
23-09-2019,126.78,131.52,,,,,,,
30-09-2019,126.92,131.83,,,,,,,
07-10-2019,126.87,131.82,,,,,,,
14-10-2019,126.91,131.89,,,,,,,
21-10-2019,126.40,131.28,,,,,,,
28-10-2019,125.77,130.60,,,,,,,
04-11-2019,125.56,130.38,,,,,,,
11-11-2019,125.59,130.42,,,,,,,
18-11-2019,125.58,130.35,,,,,,,
25-11-2019,125.32,130.08,,,,,,,
02-12-2019,124.81,129.79,,,,,,,
09-12-2019,124.75,129.79,,,,,,,
16-12-2019,124.33,129.56,,,,,,,
23-12-2019,124.16,129.81,,,,,,,
30-12-2019,124.96,130.54,,,,,,,
06-01-2020,126.09,131.56,,,,,,,
13-01-2020,127.17,132.69,,,,,,,
20-01-2020,127.18,132.74,,,,,,,
27-01-2020,127.33,132.88,,,,,,,
03-02-2020,125.85,131.48,,,,,,,
10-02-2020,124.73,129.70,,,,,,,
17-02-2020,123.80,128.20,,,,,,,
24-02-2020,123.45,127.67,,,,,,,
02-03-2020,122.43,126.62,,,,,,,
09-03-2020,122.24,126.25,,,,,,,
16-03-2020,120.33,124.36,,,,,,,
23-03-2020,119.64,123.41,,,,,,,
30-03-2020,112.45,118.60,,,,,,,
06-04-2020,110.23,116.83,,,,,,,
13-04-2020,109.27,116.15,,,,,,,
20-04-2020,108.63,115.73,,,,,,,